,,
QRF8G1,,gray
QRF8G17,renault,gray
QRF8G17,renault,gray
QRF8G17,renault,gray
QRF8G17,renault,gray
QRF8G17,renault,gray
QRF8G17,renault,gray
QRF8G17,renault,gray
QRF8G17,renault,gray
QRF8G17,renault,gray
QRF8G17,renault,gray
QRF8G17,renault,gray
QRF8G17,renault,gray
QRF8G17,renault,gray
,renault,gray
,renault,gray
,,gray
,,gray
,,gray
,,
,,
,,
,,
,,
,,
,,
,,
,,
QRE4E99,,gray
QRE4E99,toyota,gray
QRE4E99,toyota,gray
QRE4E99,toyota,gray
QRE4E99,toyota,gray
QRE4E99,toyota,gray
QRE4E99,toyota,gray
QRE4E99,toyota,gray
QRE4E99,toyota,gray
QRE4E99,toyota,gray
QRE4E99,toyota,gray
QRE4E99,toyota,gray
QRE4E99,toyota,gray
QRE4E99,toyota,gray
,toyota,gray
,,gray
,,gray
,,gray
,,gray
,,
,,
,,
,,
,,
,,
,,
,,
,,
,,
,,
,,
,,
,,
,,
,,
,,
,,
,,
,,
,,
,,
,,
,,
,,
,,
,,
,,
,,
,,
,,
,,
,,
,,
,,
,,
,,
,,
,,black
QRF6J24,,black
QRF6J24,renault,black
QRF6J24,renault,black
QRF6J24,renault,black
QRF6J24,renault,black
QRF6J24,renault,black
QRF6J24,renault,black
QRF6J24,renault,black
QRF6J24,renault,black
QRF6J24,renault,black
QRF6J24,renault,black
QRF6J24,renault,black
QRF6J24,renault,black
QRF6J24,renault,black
,renault,black
,,black
,,black
,,
,,
,,
,,
,,
,,
,,
,,
,,
,,
,,
,,
,,
,,
,,
,,
,,
,,
,,
QRG2I08,,
QRG2I08,,
QRG2I08,,
QRG2I08,,
QRG2I08,,
QRG2I08,,
QRG2I08,,
QRG2I08,,
QRG2I08,,
QRG2I08,,
QRG2I08,,
QRG2I08,,
QRG2I08,,
08,,
,,
,,
,,
,,
,,
,,
,,
,,
,,
,,
,,
,,
,,
,,
,,
QRF,,
QRF6I07,,
QRF6I07,renault,black
QRF6I07,renault,black
QRF6I07,renault,black
QRF6I07,renault,black
QRF6I07,renault,black
QRF6I07,renault,black
QRF6I07,renault,black
QRF6I07,renault,black
QRF6I07,renault,black
QRF6I07,renault,black
QRF6I07,renault,black
QRF6I07,renault,black
,renault,black
,renault,black
,renault,black
,,black
,,black
,,
,,
,,
,,
,,
,,
,,
,,
,,
,,
,,
,,
,,
,,
,,
,,
,,
,,
,,
,,
,,
,,
,,
,,
,,
,,
,,
,,
,,
,,
,,
,,
,,
,,
,,
,,
,,
,,
,,
OVE3F5,,white
OVE3F52,volkswagen,white
OVE3F52,volkswagen,white
OVE3F52,volkswagen,white
OVE3F52,volkswagen,white
OVE3F52,volkswagen,white
OVE3F52,volkswagen,white
OVE3F52,volkswagen,white
OVE3F52,volkswagen,white
OVE3F52,volkswagen,white
OVE3F52,volkswagen,white
OVE3F52,volkswagen,white
OVE3F52,volkswagen,white
OVE3F52,volkswagen,white
,volkswagen,white
,volkswagen,white
,,white
,,white
,,white
,,
,,
,,
,,
,,
,,
,,
,,
,,
,,
,,
,,
,,
,,
QRF8G17,,
QRF8G17,renault,gray
QRF8G17,renault,gray
QRF8G17,renault,gray
QRF8G17,renault,gray
QRF8G17,renault,gray
QRF8G17,renault,gray
QRF8G17,renault,gray
QRF8G17,renault,gray
QRF8G17,renault,gray
QRF8G17,renault,gray
QRF8G17,renault,gray
QRF8G17,renault,gray
QRF8G17,renault,gray
,renault,gray
,renault,gray
,,gray
,,gray
,,gray
,,
,,
,,
,,
,,
,,
,,
,,
,,
,,
,,
,,
,,
,,
,,
,,
,,
,,
,,
,,
,,
,,white
QRE1I43,,white
QRE1I43,volkswagen,white
QRE1I43,volkswagen,white
QRE1I43,volkswagen,white
QRE1I43,volkswagen,white
QRE1I43,volkswagen,white
QRE1I43,volkswagen,white
QRE1I43,volkswagen,white
QRE1I43,volkswagen,white
QRE1I43,volkswagen,white
QRE1I43,volkswagen,white
QRE1I43,volkswagen,white
QRE1I43,volkswagen,white
QRE1I43,volkswagen,white
,volkswagen,white
,,white
,,white
,,white
,,
,,
,,
,,
,,
,,
,,
,,
,,
,,
,,
,,
,,
,,
,,
,,
,,
,,
,,
,,
,,
,,white
QRE1I42,,white
QRE1I42,volkswagen,white
QRE1I42,volkswagen,white
QRE1I42,volkswagen,white
QRE1I42,volkswagen,white
QRE1I42,volkswagen,white
QRE1I42,volkswagen,white
QRE1I42,volkswagen,white
QRE1I42,volkswagen,white
QRE1I42,volkswagen,white
QRE1I42,volkswagen,white
QRE1I42,volkswagen,white
QRE1I42,volkswagen,white
QRE1I42,volkswagen,white
,volkswagen,white
,volkswagen,white
,,white
,,white
,,white
,,
,,
,,
,,
,,
,,
,,
,,
,,
,,
,,
,,
,,
,,
,,
,,
,,
,,
,,
,,
,,
MPZ2A,,gray
MPZ2A30,fiat,gray
MPZ2A30,fiat,gray
MPZ2A30,fiat,gray
MPZ2A30,fiat,gray
MPZ2A30,fiat,gray
MPZ2A30,fiat,gray
MPZ2A30,fiat,gray
MPZ2A30,fiat,gray
MPZ2A30,fiat,gray
MPZ2A30,fiat,gray
MPZ2A30,fiat,gray
MPZ2A30,fiat,gray
MPZ2A30,fiat,gray
,fiat,gray
,,gray
,,gray
,,gray
,,gray
,,
,,
,,
,,
,,
,,white
JMX2H44,,white
JMX2H44,,white
JMX2H44,mercedes,white
JMX2H44,mercedes,white
JMX2H44,mercedes,white
JMX2H44,mercedes,white
JMX2H44,mercedes,white
JMX2H44,mercedes,white
JMX2H44,mercedes,white
JMX2H44,mercedes,white
JMX2H44,mercedes,white
JMX2H44,mercedes,white
JMX2H44,mercedes,white
X2H44,mercedes,white
,,white
,,white
,,white
,,white
,,
,,
,,
,,red
MTT8F,,red
MTT8F14,ford,red
MTT8F14,ford,red
MTT8F14,ford,red
MTT8F14,ford,red
MTT8F14,ford,red
MTT8F14,ford,red
MTT8F14,ford,red
MTT8F14,ford,red
MTT8F14,ford,red
MTT8F14,ford,red
MTT8F14,ford,red
MTT8F14,ford,red
MTT8F14,ford,red
,ford,red
,ford,red
,,red
,,
,,
,,
,,
,,
,,
,,
,,
,,
,,
,,
,,
,,
,,
,,
,,
,,
,,
,,
,,
,,
,,
,,
,,
,,
,,
,,
,,
,,
,,
,,
,,
,,
,,
,,
,,
,,
,,
,,
,,
QRH1H27,,
QRH1H27,,black
QRH1H27,toyota,black
QRH1H27,toyota,black
QRH1H27,toyota,black
QRH1H27,toyota,black
QRH1H27,toyota,black
QRH1H27,toyota,black
QRH1H27,toyota,black
QRH1H27,toyota,black
QRH1H27,toyota,black
QRH1H27,toyota,black
QRH1H27,toyota,black
QRH1H27,toyota,black
,toyota,black
,,black
,,black
,,black
,,black
,,
,,
,,
,,
,,
,,
,,
,,
,,
,,
,,
,,
,,
,,
,,
,,
,,
,,
,,
,,
,,
,,
,,
,,
,,
,,
,,
,,
,,
,,
,,
,,
PPK0G10,,
PPK0G10,toyota,black
PPK0G10,toyota,black
PPK0G10,toyota,black
PPK0G10,toyota,black
PPK0G10,toyota,black
PPK0G10,toyota,black
PPK0G10,toyota,black
PPK0G10,toyota,black
PPK0G10,toyota,black
PPK0G10,toyota,black
PPK0G10,toyota,black
PPK0G10,toyota,black
PPK0G10,toyota,black
,toyota,black
,toyota,black
,,black
,,black
,,black
,,
,,
,,
,,
,,
,,
,,
,,
,,
,,
,,
,,
,,
,,
,,
,,gray
MSR1E16,,gray
MSR1E16,volkswagen,gray
MSR1E16,volkswagen,gray
MSR1E16,volkswagen,gray
MSR1E16,volkswagen,gray
MSR1E16,volkswagen,gray
MSR1E16,volkswagen,gray
MSR1E16,volkswagen,gray
MSR1E16,volkswagen,gray
MSR1E16,volkswagen,gray
MSR1E16,volkswagen,gray
MSR1E16,volkswagen,gray
MSR1E16,volkswagen,gray
MSR1E16,volkswagen,gray
,volkswagen,gray
,,gray
,,gray
,,gray
,,gray
,,
,,
,,
,,
,,
,,
,,
,,
,,
,,
,,
,,
,,
,,
,,
,,
,,
,,
,,
,,
,,
,,
,,
,,
,,
,,
,,
,,
,,
,,
,,gray
QRE4E99,,gray
QRE4E99,toyota,gray
QRE4E99,toyota,gray
QRE4E99,toyota,gray
QRE4E99,toyota,gray
QRE4E99,toyota,gray
QRE4E99,toyota,gray
QRE4E99,toyota,gray
QRE4E99,toyota,gray
QRE4E99,toyota,gray
QRE4E99,toyota,gray
QRE4E99,toyota,gray
QRE4E99,toyota,gray
QRE4E99,toyota,gray
,toyota,gray
,,gray
,,gray
,,gray
,,gray
,,
,,
,,
,,
,,
,,
,,
,,
,,
,,
,,
,,
,,
,,
,,
DTC2B92,,
DTC2B92,,white
DTC2B92,volkswagen,white
DTC2B92,volkswagen,white
DTC2B92,volkswagen,white
DTC2B92,volkswagen,white
DTC2B92,volkswagen,white
DTC2B92,volkswagen,white
DTC2B92,volkswagen,white
DTC2B92,volkswagen,white
DTC2B92,volkswagen,white
DTC2B92,volkswagen,white
DTC2B92,volkswagen,white
C2B92,volkswagen,white
,,white
,,white
,,white
,,
,,
,,
,,
,,
,,
,,
,,
,,
,,
,,
,,
,,
,,
,,
,,
,,
,,
,,
,,
,,
,,
,,
,,
,,
,,
,,
,,
,,
,,
,,
,,
,,
,,
,,
,,
,,
QRF8F09,,gray
QRF8F09,renault,gray
QRF8F09,renault,gray
QRF8F09,renault,gray
QRF8F09,renault,gray
QRF8F09,renault,gray
QRF8F09,renault,gray
QRF8F09,renault,gray
QRF8F09,renault,gray
QRF8F09,renault,gray
QRF8F09,renault,gray
QRF8F09,renault,gray
QRF8F09,renault,gray
QRF8F09,renault,gray
,renault,gray
,renault,gray
,,gray
,,gray
,,gray
,,
,,
,,
,,
,,
,,
,,
,,
QRH7C82,,
QRH7C82,,black
QRH7C82,toyota,black
QRH7C82,toyota,black
QRH7C82,toyota,black
QRH7C82,toyota,black
QRH7C82,toyota,black
QRH7C82,toyota,black
QRH7C82,toyota,black
QRH7C82,toyota,black
QRH7C82,toyota,black
QRH7C82,toyota,black
QRH7C82,toyota,black
QRH7C82,toyota,black
,toyota,black
,toyota,black
,,black
,,black
,,black
,,
,,
,,
,,
,,
,,
,,
,,
,,
QRH7B92,,
QRH7B92,,black
QRH7B92,toyota,black
QRH7B92,toyota,black
QRH7B92,toyota,black
QRH7B92,toyota,black
QRH7B92,toyota,black
QRH7B92,toyota,black
QRH7B92,toyota,black
QRH7B92,toyota,black
QRH7B92,toyota,black
QRH7B92,toyota,black
QRH7B92,toyota,black
QRH7B92,toyota,black
,,black
,,black
,,black
,,
,,
,,
,,
,,
,,
,,
,,
,,
,,
,,
,,
,,
,,
QRF8G17,,gray
QRF8G17,renault,gray
QRF8G17,renault,gray
QRF8G17,renault,gray
QRF8G17,renault,gray
QRF8G17,renault,gray
QRF8G17,renault,gray
QRF8G17,renault,gray
QRF8G17,renault,gray
QRF8G17,renault,gray
QRF8G17,renault,gray
QRF8G17,renault,gray
QRF8G17,renault,gray
QRF8G17,renault,gray
,,gray
,,gray
,,gray
,,gray
,,gray
,,
,,
,,
,,
,,
,,
,,
,,
,,
,,
,,
QRE4E43,,gray
QRE4E43,toyota,gray
QRE4E43,toyota,gray
QRE4E43,toyota,gray
QRE4E43,toyota,gray
QRE4E43,toyota,gray
QRE4E43,toyota,gray
QRE4E43,toyota,gray
QRE4E43,toyota,gray
QRE4E43,toyota,gray
QRE4E43,toyota,gray
QRE4E43,toyota,gray
QRE4E43,toyota,gray
QRE4E43,toyota,gray
,toyota,gray
,,gray
,,gray
,,gray
,,gray
,,
,,
,,
,,
,,
,,
,,
,,
,,
,,
,,
,,
,,
,,
,,
,,
,,
,,
,,
,,
,,
,,
,,
,,
,,
,,
,,
,,
QRF8G1,,gray
QRF8G17,renault,gray
QRF8G17,renault,gray
QRF8G17,renault,gray
QRF8G17,renault,gray
QRF8G17,renault,gray
QRF8G17,renault,gray
QRF8G17,renault,gray
QRF8G17,renault,gray
QRF8G17,renault,gray
QRF8G17,renault,gray
QRF8G17,renault,gray
QRF8G17,renault,gray
QRF8G17,renault,gray
,renault,gray
,renault,gray
,,gray
,,gray
,,gray
,,
,,
,,
,,
,,
PPL1H66,,
PPL1H66,,
PPL1H66,,yellow
PPL1H66,mercedes,yellow
PPL1H66,mercedes,yellow
PPL1H66,mercedes,yellow
PPL1H66,mercedes,yellow
PPL1H66,mercedes,yellow
PPL1H66,mercedes,yellow
PPL1H66,mercedes,yellow
PPL1H66,mercedes,yellow
PPL1H66,mercedes,yellow
PPL1H66,mercedes,yellow
PPL1H66,mercedes,yellow
,mercedes,yellow
,,yellow
,,yellow
,,yellow
,,
,,
,,
,,
,,
,,
,,
,,
,,
,,
,,
,,
,,
,,
,,
,,
,,
,,
,,
,,
,,
,,
,,
,,
,,
,,
,,
,,
,,
,,
,,
,,
,,
,,
,,
,,
,,
,,
,,
,,white
OVF2B53,,white
OVF2B53,ford,white
OVF2B53,ford,white
OVF2B53,ford,white
OVF2B53,ford,white
OVF2B53,ford,white
OVF2B53,ford,white
OVF2B53,ford,white
OVF2B53,ford,white
OVF2B53,ford,white
OVF2B53,ford,white
OVF2B53,ford,white
OVF2B53,ford,white
OVF2B53,ford,white
,ford,white
,,white
,,
,,
,,
,,
,,
,,
,,
,,
,,
QRF8F09,,grey
QRF8F09,renault,grey
QRF8F09,renault,grey
QRF8F09,renault,grey
QRF8F09,renault,grey
QRF8F09,renault,grey
QRF8F09,renault,grey
QRF8F09,renault,grey
QRF8F09,renault,grey
QRF8F09,renault,grey
QRF8F09,renault,grey
QRF8F09,renault,grey
QRF8F09,renault,grey
QRF8F09,renault,grey
,renault,grey
,renault,grey
,,grey
,,grey
,,grey
,,
,,
,,
,,
,,
,,
,,
,,
,,
,,
,,
QRF8G17,,gray
QRF8G17,renault,gray
QRF8G17,renault,gray
QRF8G17,renault,gray
QRF8G17,renault,gray
QRF8G17,renault,gray
QRF8G17,renault,gray
QRF8G17,renault,gray
QRF8G17,renault,gray
QRF8G17,renault,gray
QRF8G17,renault,gray
QRF8G17,renault,gray
QRF8G17,renault,gray
QRF8G17,renault,gray
,renault,gray
,renault,gray
,,gray
,,gray
,,
,,
,,
,,
,,
,,
,,
,,
,,
,,
,,
,,
,,
,,
,,
,,
,,
,,
,,
,,
,,
,,
,,
,,
,,
,,
,,
,,
,,
,,
,,
,,
,,
,,
,,
,,
,,
,,
PPT0B6,,gray
PPT0B68,renault,gray
PPT0B68,renault,gray
PPT0B68,renault,gray
PPT0B68,renault,gray
PPT0B68,renault,gray
PPT0B68,renault,gray
PPT0B68,renault,gray
PPT0B68,renault,gray
PPT0B68,renault,gray
PPT0B68,renault,gray
PPT0B68,renault,gray
PPT0B68,renault,gray
PPT0B68,renault,gray
,renault,gray
,renault,gray
,,gray
,,gray
,,gray
,,
,,
,,
,,
,,
,,
,,
,,
,,
,,
,,
,,
,,
,,
,,
,,
,,
,,
,,
,,
,,
,,
,,
,,
,,
,,
,,
,,
,,
,,
,,
,,
QRF8G17,,gray
QRF8G17,renault,gray
QRF8G17,renault,gray
QRF8G17,renault,gray
QRF8G17,renault,gray
QRF8G17,renault,gray
QRF8G17,renault,gray
QRF8G17,renault,gray
QRF8G17,renault,gray
QRF8G17,renault,gray
QRF8G17,renault,gray
QRF8G17,renault,gray
QRF8G17,renault,gray
QRF8G17,renault,gray
,renault,gray
,renault,gray
,,gray
,,gray
,,
,,
,,
,,
,,
,,
,,
,,
,,
,,
,,
,,
,,
,,
,,
,,
,,
,,
,,
,,
,,
,,
,,
,,
,,
,,
,,
,,
,,
,,
,,
,,
MTV1E84,,black
MTV1E84,mitsubishi,black
MTV1E84,mitsubishi,black
MTV1E84,mitsubishi,black
MTV1E84,mitsubishi,black
MTV1E84,mitsubishi,black
MTV1E84,mitsubishi,black
MTV1E84,mitsubishi,black
MTV1E84,mitsubishi,black
MTV1E84,mitsubishi,black
MTV1E84,mitsubishi,black
MTV1E84,mitsubishi,black
MTV1E84,mitsubishi,black
MTV1E84,mitsubishi,black
,mitsubishi,black
,,black
,,black
,,black
,,black
,,
,,
QRG2I08,,
QRG2I08,toyota,black
QRG2I08,toyota,black
QRG2I08,toyota,black
QRG2I08,toyota,black
QRG2I08,toyota,black
QRG2I08,toyota,black
QRG2I08,toyota,black
QRG2I08,toyota,black
QRG2I08,toyota,black
QRG2I08,toyota,black
QRG2I08,toyota,black
QRG2I08,toyota,black
2I08,toyota,black
,,black
,,
,,
,,
,,
,,
,,
,,
,,
,,
,,
,,
,,
,,
,,
,,
,,
,,
,,
,,
,,
,,
,,
,,
,,
,,
,,
,,
,,
,,
,,
,,
,,
,,
QRF1B,,
QRF1B21,honda,black
QRF1B21,honda,black
QRF1B21,honda,black
QRF1B21,honda,black
QRF1B21,honda,black
QRF1B21,honda,black
QRF1B21,honda,black
QRF1B21,honda,black
QRF1B21,honda,black
QRF1B21,honda,black
QRF1B21,honda,black
QRF1B21,honda,black
QRF1B21,honda,black
,honda,black
,honda,black
,,black
,,black
,,black
,,
,,
,,
,,
,,
,,
,,
,,
,,
,,
,,
,,
,,
,,
,,
,,
,,
,,
,,
,,
,,
,,
,,
,,
,,
,,
,,
,,
,,
,,
,,
,,
,,
,,
,,
,,
,,
FAG3B35,,
FAG3B35,,white
FAG3B35,mercedes,white
FAG3B35,mercedes,white
FAG3B35,mercedes,white
FAG3B35,mercedes,white
FAG3B35,mercedes,white
FAG3B35,mercedes,white
FAG3B35,mercedes,white
FAG3B35,mercedes,white
FAG3B35,mercedes,white
FAG3B35,mercedes,white
FAG3B35,mercedes,white
FAG3B35,mercedes,white
,,white
,,white
,,white
,,
,,
,,
,,
,,
,,
,,
,,white
QRE1I43,,white
QRE1I43,volkswagen,white
QRE1I43,volkswagen,white
QRE1I43,volkswagen,white
QRE1I43,volkswagen,white
QRE1I43,volkswagen,white
QRE1I43,volkswagen,white
QRE1I43,volkswagen,white
QRE1I43,volkswagen,white
QRE1I43,volkswagen,white
QRE1I43,volkswagen,white
QRE1I43,volkswagen,white
QRE1I43,volkswagen,white
QRE1I43,volkswagen,white
,volkswagen,white
,volkswagen,white
,,white
,,white
,,white
,,
,,
,,
,,
,,
,,
,,
,,
,,
,,
,,
,,
,,
,,
,,
,,
,,
,,
,,
,,
,,
,,
,,
,,
,,
,,
,,
,,
,,
,,
,,
,,
,,
,,
,,
,,
,,
,,
QRG7C80,,
QRG7C80,peugeot,white
QRG7C80,peugeot,white
QRG7C80,peugeot,white
QRG7C80,peugeot,white
QRG7C80,peugeot,white
QRG7C80,peugeot,white
QRG7C80,peugeot,white
QRG7C80,peugeot,white
QRG7C80,peugeot,white
QRG7C80,peugeot,white
QRG7C80,peugeot,white
QRG7C80,peugeot,white
RG7C80,peugeot,white
,,white
,,white
,,white
,,
,,
,,
,,
,,
,,
,,
,,
,,
,,
,,
,,
,,
,,
,,
,,
,,
,,
,,
,,
,,
QRF8G1,,gray
QRF8G17,renault,gray
QRF8G17,renault,gray
QRF8G17,renault,gray
QRF8G17,renault,gray
QRF8G17,renault,gray
QRF8G17,renault,gray
QRF8G17,renault,gray
QRF8G17,renault,gray
QRF8G17,renault,gray
QRF8G17,renault,gray
QRF8G17,renault,gray
QRF8G17,renault,gray
QRF8G17,renault,gray
,renault,gray
,renault,gray
,,gray
,,gray
,,gray
,,
,,
,,
,,
,,
,,
QRH1H27,,black
QRH1H27,toyota,black
QRH1H27,toyota,black
QRH1H27,toyota,black
QRH1H27,toyota,black
QRH1H27,toyota,black
QRH1H27,toyota,black
QRH1H27,toyota,black
QRH1H27,toyota,black
QRH1H27,toyota,black
QRH1H27,toyota,black
QRH1H27,toyota,black
QRH1H27,toyota,black
1H27,toyota,black
,,black
,,
,,
,,
,,
,,
,,
,,
,,
,,
,,
,,
,,
,,
,,
,,
,,
,,
,,
,,
QRE4E43,,gray
QRE4E43,toyota,gray
QRE4E43,toyota,gray
QRE4E43,toyota,gray
QRE4E43,toyota,gray
QRE4E43,toyota,gray
QRE4E43,toyota,gray
QRE4E43,toyota,gray
QRE4E43,toyota,gray
QRE4E43,toyota,gray
QRE4E43,toyota,gray
QRE4E43,toyota,gray
QRE4E43,toyota,gray
QRE4E43,toyota,gray
,toyota,gray
,,gray
,,gray
,,gray
,,gray
,,
,,
,,
,,
,,
,,
,,
,,
,,
,,
,,
,,
,,
,,
,,
,,
,,
,,
,,
,,
,,
,,
,,
,,
,,
OVF7E15,,white
OVF7E15,,white
OVF7E15,chevrolet,white
OVF7E15,chevrolet,white
OVF7E15,chevrolet,white
OVF7E15,chevrolet,white
OVF7E15,chevrolet,white
OVF7E15,chevrolet,white
OVF7E15,chevrolet,white
OVF7E15,chevrolet,white
OVF7E15,chevrolet,white
OVF7E15,chevrolet,white
OVF7E15,chevrolet,white
OVF7E15,chevrolet,white
,chevrolet,white
,chevrolet,white
,,white
,,white
,,white
,,
,,
,,
,,
,,
,,
,,
,,
,,
,,
,,
,,
,,
,,
,,
,,
,,
,,
,,
,,
,,
,,
,,
,,
MRP9H19,,
MRP9H19,,
MRP9H19,,
MRP9H19,iveco,white
MRP9H19,iveco,white
MRP9H19,iveco,white
MRP9H19,iveco,white
MRP9H19,iveco,white
MRP9H19,iveco,white
MRP9H19,iveco,white
MRP9H19,iveco,white
MRP9H19,iveco,white
MRP9H19,iveco,white
MRP9H19,iveco,white
,iveco,white
,,white
,,white
,,white
,,white
,,
,,
,,
,,
,,
,,
,,
,,
,,
,,
,,
,,
,,
,,
,,
,,
,,
QRE4E43,,gray
QRE4E43,toyota,gray
QRE4E43,toyota,gray
QRE4E43,toyota,gray
QRE4E43,toyota,gray
QRE4E43,toyota,gray
QRE4E43,toyota,gray
QRE4E43,toyota,gray
QRE4E43,toyota,gray
QRE4E43,toyota,gray
QRE4E43,toyota,gray
QRE4E43,toyota,gray
QRE4E43,toyota,gray
QRE4E43,toyota,gray
,toyota,gray
,,gray
,,gray
,,gray
,,gray
,,
,,
,,
,,
,,
,,
,,
,,
,,
,,
FYO2E04,,white
FYO2E04,toyota,white
FYO2E04,toyota,white
FYO2E04,toyota,white
FYO2E04,toyota,white
FYO2E04,toyota,white
FYO2E04,toyota,white
FYO2E04,toyota,white
FYO2E04,toyota,white
FYO2E04,toyota,white
FYO2E04,toyota,white
FYO2E04,toyota,white
FYO2E04,toyota,white
FYO2E04,toyota,white
,toyota,white
,toyota,white
,,white
,,white
,,white
,,
,,
,,
,,
,,
,,
,,
,,
,,
,,
,,
,,
,,
,,
,,
,,
,,
,,
,,
,,
,,
,,
QRE8E39,,
QRE8E39,,
QRE8E39,,
QRE8E39,renault,white
QRE8E39,renault,white
QRE8E39,renault,white
QRE8E39,renault,white
QRE8E39,renault,white
QRE8E39,renault,white
QRE8E39,renault,white
QRE8E39,renault,white
QRE8E39,renault,white
QRE8E39,renault,white
QRE8E39,renault,white
,renault,white
,,white
,,white
,,white
,,white
,,
,,
,,
,,
,,
,,
,,
,,
,,
PXA4H05,,
PXA4H05,,
PXA4H05,,
PXA4H05,iveco,
PXA4H05,iveco,white
PXA4H05,iveco,white
PXA4H05,iveco,white
PXA4H05,iveco,white
PXA4H05,iveco,white
PXA4H05,iveco,white
PXA4H05,iveco,white
PXA4H05,iveco,white
PXA4H05,iveco,white
PXA4H05,iveco,white
,iveco,white
,iveco,white
,,white
,,white
,,white
,,
,,
,,
,,
,,
,,
,,
,,
,,
,,
,,
,,
,,
,,
,,
,,
,,
,,
,,
,,
,,
,,
,,
,,
,,
,,
,,
,,
,,
,,
,,
,,
QRG2I08,,
QRG2I08,,
QRG2I08,toyota,black
QRG2I08,toyota,black
QRG2I08,toyota,black
QRG2I08,toyota,black
QRG2I08,toyota,black
QRG2I08,toyota,black
QRG2I08,toyota,black
QRG2I08,toyota,black
QRG2I08,toyota,black
QRG2I08,toyota,black
QRG2I08,toyota,black
RG2I08,toyota,black
,,black
,,black
,,black
,,
,,
,,
,,
,,
,,
,,
,,
,,
,,gray
ODT3C16,,gray
ODT3C16,citroen,gray
ODT3C16,citroen,gray
ODT3C16,citroen,gray
ODT3C16,citroen,gray
ODT3C16,citroen,gray
ODT3C16,citroen,gray
ODT3C16,citroen,gray
ODT3C16,citroen,gray
ODT3C16,citroen,gray
ODT3C16,citroen,gray
ODT3C16,citroen,gray
ODT3C16,citroen,gray
ODT3C16,citroen,gray
,citroen,gray
,citroen,gray
,,gray
,,gray
,,gray
,,
,,
,,
,,
,,
,,
,,
,,
,,
,,
,,
,,
,,
,,
,,
,,
,,
,,
,,
,,
,,
,,
,,
,,
ODL1A45,honda,white
ODL1A45,honda,white
ODL1A45,honda,white
ODL1A45,honda,white
ODL1A45,honda,white
ODL1A45,honda,white
ODL1A45,honda,white
ODL1A45,honda,white
ODL1A45,honda,white
ODL1A45,honda,white
ODL1A45,honda,white
ODL1A45,honda,white
ODL1A45,honda,white
ODL1A45,honda,white
,,white
,,
,,
,,
,,
,,
,,
,,
,,
,,
,,
,,
,,
,,
,,
,,
,,
,,
,,
,,
,,
,,
,,
,,
,,
,,
,,
,,
,,
,,
,,
,,
,,
,,
,,
,,
,,
PPI7I86,toyota,gray
PPI7I86,toyota,gray
PPI7I86,toyota,gray
PPI7I86,toyota,gray
PPI7I86,toyota,gray
PPI7I86,toyota,gray
PPI7I86,toyota,gray
PPI7I86,toyota,gray
PPI7I86,toyota,gray
PPI7I86,toyota,gray
PPI7I86,toyota,gray
PPI7I86,toyota,gray
PPI7I86,toyota,gray
PPI7I86,toyota,gray
,toyota,gray
,,
,,
,,
,,
,,
,,
,,
,,
,,
,,
,,
,,
,,
,,
,,
,,
,,
,,
,,
,,
,,
,,
,,
,,
,,
,,
,,
,,
,,
,,
,,
,,
,,
,,
GFQ5A,,black
GFQ5A08,hyundai,black
GFQ5A08,hyundai,black
GFQ5A08,hyundai,black
GFQ5A08,hyundai,black
GFQ5A08,hyundai,black
GFQ5A08,hyundai,black
GFQ5A08,hyundai,black
GFQ5A08,hyundai,black
GFQ5A08,hyundai,black
GFQ5A08,hyundai,black
GFQ5A08,hyundai,black
GFQ5A08,hyundai,black
GFQ5A08,hyundai,black
,hyundai,black
,hyundai,black
,hyundai,black
,hyundai,black
,,
,,
,,
,,
,,
,,
,,
,,
,,
,,
,,
,,
,,
,,
,,
,,
,,
,,
,,
,,
,,
,,
,,
,,
,,
,,
,,
,,
,,
,,
,,
,,
,,red
MTT8F14,,red
MTT8F14,ford,red
MTT8F14,ford,red
MTT8F14,ford,red
MTT8F14,ford,red
MTT8F14,ford,red
MTT8F14,ford,red
MTT8F14,ford,red
MTT8F14,ford,red
MTT8F14,ford,red
MTT8F14,ford,red
MTT8F14,ford,red
MTT8F14,ford,red
MTT8F14,ford,red
,ford,red
,ford,red
,,red
,,red
,,red
,,
,,
,,
,,
,,
,,
,,
,,
,,
QRF8F09,,gray
QRF8F09,renault,gray
QRF8F09,renault,gray
QRF8F09,renault,gray
QRF8F09,renault,gray
QRF8F09,renault,gray
QRF8F09,renault,gray
QRF8F09,renault,gray
QRF8F09,renault,gray
QRF8F09,renault,gray
QRF8F09,renault,gray
QRF8F09,renault,gray
QRF8F09,renault,gray
QRF8F09,renault,gray
,renault,gray
,renault,gray
,,gray
,,gray
,,
,,
,,
,,
,,
,,
,,
,,
,,
,,
,,
,,
,,
,,
,,
,,
QRG9E02,,
QRG9E02,volkswagen,
QRG9E02,volkswagen,white
QRG9E02,volkswagen,white
QRG9E02,volkswagen,white
QRG9E02,volkswagen,white
QRG9E02,volkswagen,white
QRG9E02,volkswagen,white
QRG9E02,volkswagen,white
QRG9E02,volkswagen,white
QRG9E02,volkswagen,white
QRG9E02,volkswagen,white
QRG9E02,volkswagen,white
QRG9E02,volkswagen,white
,volkswagen,white
,volkswagen,white
,,white
,,white
,,white
,,
,,
,,
,,
,,
,,
,,
,,
,,
,,
,,
,,
,,
,,
,,
,,
,,
,,
,,
,,
,,
,,
,,
,,
,,
,,
,,
FAG3B35,,
FAG3B35,,white
FAG3B35,mercedes,white
FAG3B35,mercedes,white
FAG3B35,mercedes,white
FAG3B35,mercedes,white
FAG3B35,mercedes,white
FAG3B35,mercedes,white
FAG3B35,mercedes,white
FAG3B35,mercedes,white
FAG3B35,mercedes,white
FAG3B35,mercedes,white
FAG3B35,mercedes,white
AG3B35,mercedes,white
,,white
,,white
,,
,,
,,
,,
,,
,,
,,
,,
,,
,,
,,
,,
,,
,,
,,
,,
,,
,,
,,
,,
,,
,,
,,
,,
,,
,,
,,
,,
,,
,,
,,
,,
,,
,,
,,
QRF8,,gray
QRF8G17,renault,gray
QRF8G17,renault,gray
QRF8G17,renault,gray
QRF8G17,renault,gray
QRF8G17,renault,gray
QRF8G17,renault,gray
QRF8G17,renault,gray
QRF8G17,renault,gray
QRF8G17,renault,gray
QRF8G17,renault,gray
QRF8G17,renault,gray
QRF8G17,renault,gray
QRF8G17,renault,gray
,renault,gray
,renault,gray
,,gray
,,gray
,,gray
,,
,,
,,
,,
,,
,,
,,
,,
,,
,,
,,
,,
,,
,,
,,
,,
,,
,,
,,
,,
,,
,,
,,
,,
,,
,,
,,
,,
,,
,,
,,
,,
,,
QRF6J17,,black
QRF6J17,renault,black
QRF6J17,renault,black
QRF6J17,renault,black
QRF6J17,renault,black
QRF6J17,renault,black
QRF6J17,renault,black
QRF6J17,renault,black
QRF6J17,renault,black
QRF6J17,renault,black
QRF6J17,renault,black
QRF6J17,renault,black
QRF6J17,renault,black
J17,renault,black
,,black
,,black
,,
,,
,,
,,
,,
,,
,,
,,
,,
,,
,,
,,
,,
,,
,,
,,
QRE4E43,,gray
QRE4E43,toyota,gray
QRE4E43,toyota,gray
QRE4E43,toyota,gray
QRE4E43,toyota,gray
QRE4E43,toyota,gray
QRE4E43,toyota,gray
QRE4E43,toyota,gray
QRE4E43,toyota,gray
QRE4E43,toyota,gray
QRE4E43,toyota,gray
QRE4E43,toyota,gray
QRE4E43,toyota,gray
QRE4E43,toyota,gray
,toyota,gray
,,gray
,,gray
,,
,,
,,
,,
,,
,,
,,
,,
,,
,,
,,
,,
,,
,,
,,
,,
,,
,,
,,
,,
,,
,,
,,
,,
,,
,,
,,
,,
,,
,,
,,
,,
,,
,,
,,
,,
,,
,,
,,
QRG2H19,,
QRG2H19,toyota,black
QRG2H19,toyota,black
QRG2H19,toyota,black
QRG2H19,toyota,black
QRG2H19,toyota,black
QRG2H19,toyota,black
QRG2H19,toyota,black
QRG2H19,toyota,black
QRG2H19,toyota,black
QRG2H19,toyota,black
QRG2H19,toyota,black
QRG2H19,toyota,black
G2H19,toyota,black
,,black
,,
,,
,,
,,
,,
,,
,,
,,
,,
,,
,,
,,
,,
,,
,,
,,
,,
,,
,,
,,
,,
,,
,,
,,
,,
,,
,,
,,
,,
,,
,,
,,
,,
,,
,,
PPL1H66,,
PPL1H66,,
PPL1H66,,yellow
PPL1H66,mercedes,yellow
PPL1H66,mercedes,yellow
PPL1H66,mercedes,yellow
PPL1H66,mercedes,yellow
PPL1H66,mercedes,yellow
PPL1H66,mercedes,yellow
PPL1H66,mercedes,yellow
PPL1H66,mercedes,yellow
PPL1H66,mercedes,yellow
PPL1H66,mercedes,yellow
PL1H66,mercedes,yellow
,,yellow
,,yellow
,,yellow
,,
,,
,,
,,
,,
,,
,,
,,
,,
,,
,,
,,
,,
,,
,,
,,
,,
,,
,,
,,
,,
,,
,,
,,
,,
,,
,,
,,
,,
,,
,,
,,
,,
,,
,,
,,
,,
,,
,,
,,
QRF8G17,,gray
QRF8G17,renault,gray
QRF8G17,renault,gray
QRF8G17,renault,gray
QRF8G17,renault,gray
QRF8G17,renault,gray
QRF8G17,renault,gray
QRF8G17,renault,gray
QRF8G17,renault,gray
QRF8G17,renault,gray
QRF8G17,renault,gray
QRF8G17,renault,gray
QRF8G17,renault,gray
QRF8G17,renault,gray
,renault,gray
,renault,gray
,,gray
,,gray
,,gray
,,
,,
QRF8F09,,gray
QRF8F09,renault,gray
QRF8F09,renault,gray
QRF8F09,renault,gray
QRF8F09,renault,gray
QRF8F09,renault,gray
QRF8F09,renault,gray
QRF8F09,renault,gray
QRF8F09,renault,gray
QRF8F09,renault,gray
QRF8F09,renault,gray
QRF8F09,renault,gray
QRF8F09,renault,gray
QRF8F09,renault,gray
,renault,gray
,renault,gray
,,gray
,,gray
,,
,,
,,
,,
,,
,,
,,
,,
,,
,,
,,
,,
,,
,,
,,
,,
,,
,,
,,
,,
,,
,,
,,
,,
,,
,,
,,
,,
,,
,,
,,
,,
,,
,,
,,
,,
,,
,,
,,
,,
,,
QRF8G17,,grey
QRF8G17,renault,grey
QRF8G17,renault,grey
QRF8G17,renault,grey
QRF8G17,renault,grey
QRF8G17,renault,grey
QRF8G17,renault,grey
QRF8G17,renault,grey
QRF8G17,renault,grey
QRF8G17,renault,grey
QRF8G17,renault,grey
QRF8G17,renault,grey
QRF8G17,renault,grey
QRF8G17,renault,grey
,renault,grey
,renault,grey
,,grey
,,grey
,,grey
,,
,,
,,
,,
,,
,,
,,
,,
,,
,,
,,
,,
,,
,,
,,
MQ,,
MQO6J29,,black
MQO6J29,fiat,black
MQO6J29,fiat,black
MQO6J29,fiat,black
MQO6J29,fiat,black
MQO6J29,fiat,black
MQO6J29,fiat,black
MQO6J29,fiat,black
MQO6J29,fiat,black
MQO6J29,fiat,black
MQO6J29,fiat,black
MQO6J29,fiat,black
MQO6J29,fiat,black
,fiat,black
,fiat,black
,,black
,,black
,,black
,,
,,
,,
,,
QRE4E43,,gray
QRE4E43,toyota,gray
QRE4E43,toyota,gray
QRE4E43,toyota,gray
QRE4E43,toyota,gray
QRE4E43,toyota,gray
QRE4E43,toyota,gray
QRE4E43,toyota,gray
QRE4E43,toyota,gray
QRE4E43,toyota,gray
QRE4E43,toyota,gray
QRE4E43,toyota,gray
QRE4E43,toyota,gray
QRE4E43,toyota,gray
,toyota,gray
,,gray
,,gray
,,gray
,,gray
,,
QRF8F,,gray
QRF8F87,renault,gray
QRF8F87,renault,gray
QRF8F87,renault,gray
QRF8F87,renault,gray
QRF8F87,renault,gray
QRF8F87,renault,gray
QRF8F87,renault,gray
QRF8F87,renault,gray
QRF8F87,renault,gray
QRF8F87,renault,gray
QRF8F87,renault,gray
QRF8F87,renault,gray
QRF8F87,renault,gray
,renault,gray
,renault,gray
,,gray
,,gray
,,gray
,,
,,
,,
,,
,,
,,
,,
,,
,,
,,
,,
,,
,,
,,
,,
,,
,,
,,
,,
,,
,,
,,black
QRF4C71,,black
QRF4C71,volkswagen,black
QRF4C71,volkswagen,black
QRF4C71,volkswagen,black
QRF4C71,volkswagen,black
QRF4C71,volkswagen,black
QRF4C71,volkswagen,black
QRF4C71,volkswagen,black
QRF4C71,volkswagen,black
QRF4C71,volkswagen,black
QRF4C71,volkswagen,black
QRF4C71,volkswagen,black
QRF4C71,volkswagen,black
QRF4C71,volkswagen,black
,volkswagen,black
,,black
,,black
,,black
,,black
,,
,,
,,
,,
,,
,,
,,
,,
,,
,,
,,
,,
,,
,,
,,
,,
,,
,,
,,
,,
,,
,,
,,
,,
,,
,,
,,
,,
,,
,,
,,
,,
,,
,,
QRE1I41,,white
QRE1I41,volkswagen,white
QRE1I41,volkswagen,white
QRE1I41,volkswagen,white
QRE1I41,volkswagen,white
QRE1I41,volkswagen,white
QRE1I41,volkswagen,white
QRE1I41,volkswagen,white
QRE1I41,volkswagen,white
QRE1I41,volkswagen,white
QRE1I41,volkswagen,white
QRE1I41,volkswagen,white
QRE1I41,volkswagen,white
QRE1I41,volkswagen,white
,volkswagen,white
,volkswagen,white
,,white
,,white
,,white
,,
,,
,,
,,
,,
,,
,,
QRF8G17,,gray
QRF8G17,renault,gray
QRF8G17,renault,gray
QRF8G17,renault,gray
QRF8G17,renault,gray
QRF8G17,renault,gray
QRF8G17,renault,gray
QRF8G17,renault,gray
QRF8G17,renault,gray
QRF8G17,renault,gray
QRF8G17,renault,gray
QRF8G17,renault,gray
QRF8G17,renault,gray
QRF8G17,renault,gray
,renault,gray
,renault,gray
,,gray
,,gray
,,gray
,,
,,
,,
,,
,,
,,
,,
,,
,,
,,
,,
,,
,,
PPL1H66,,
PPL1H66,,
PPL1H66,,yellow
PPL1H66,mercedes,yellow
PPL1H66,mercedes,yellow
PPL1H66,mercedes,yellow
PPL1H66,mercedes,yellow
PPL1H66,mercedes,yellow
PPL1H66,mercedes,yellow
PPL1H66,mercedes,yellow
PPL1H66,mercedes,yellow
PPL1H66,mercedes,yellow
PPL1H66,mercedes,yellow
PPL1H66,mercedes,yellow
,mercedes,yellow
,,yellow
,,yellow
,,yellow
,,
,,
,,
,,
,,
,,
,,
,,
,,
,,
,,
QRF8G65,,gray
QRF8G65,renault,gray
QRF8G65,renault,gray
QRF8G65,renault,gray
QRF8G65,renault,gray
QRF8G65,renault,gray
QRF8G65,renault,gray
QRF8G65,renault,gray
QRF8G65,renault,gray
QRF8G65,renault,gray
QRF8G65,renault,gray
QRF8G65,renault,gray
QRF8G65,renault,gray
QRF8G65,renault,gray
,renault,gray
,renault,gray
,,gray
,,gray
,,gray
,,
,,
,,
,,
,,
,,
,,
,,
,,
,,
,,
,,
,,
,,
,,
,,
,,
,,
,,
,,
,,
,,
,,
,,
,,
,,
,,
,,
,,
,,
,,
,,
,,
,,
,,
,,white
QRE1I11,,white
QRE1I11,volkswagen,white
QRE1I11,volkswagen,white
QRE1I11,volkswagen,white
QRE1I11,volkswagen,white
QRE1I11,volkswagen,white
QRE1I11,volkswagen,white
QRE1I11,volkswagen,white
QRE1I11,volkswagen,white
QRE1I11,volkswagen,white
QRE1I11,volkswagen,white
QRE1I11,volkswagen,white
QRE1I11,volkswagen,white
QRE1I11,volkswagen,white
,volkswagen,white
,,white
,,white
,,white
,,white
,,
,,
,,
,,
,,
,,
,,
,,
,,
,,
,,
,,
,,
,,
,,
,,
,,
,,
,,
,,
,,
,,
,,
,,
,,
,,
,,
,,
,,
,,
,,
,,
,,
,,gray
QRF8G68,,gray
QRF8G68,renault,gray
QRF8G68,renault,gray
QRF8G68,renault,gray
QRF8G68,renault,gray
QRF8G68,renault,gray
QRF8G68,renault,gray
QRF8G68,renault,gray
QRF8G68,renault,gray
QRF8G68,renault,gray
QRF8G68,renault,gray
QRF8G68,renault,gray
QRF8G68,renault,gray
QRF8G68,renault,gray
,renault,gray
,renault,gray
,,gray
,,gray
,,gray
,,
,,white
QRE0F27,,white
QRE0F27,volkswagen,white
QRE0F27,volkswagen,white
QRE0F27,volkswagen,white
QRE0F27,volkswagen,white
QRE0F27,volkswagen,white
QRE0F27,volkswagen,white
QRE0F27,volkswagen,white
QRE0F27,volkswagen,white
QRE0F27,volkswagen,white
QRE0F27,volkswagen,white
QRE0F27,volkswagen,white
QRE0F27,volkswagen,white
QRE0F27,volkswagen,white
,volkswagen,white
,volkswagen,white
,,white
,,white
,,white
,,
MPZ2A30,,grey
MPZ2A30,fiat,grey
MPZ2A30,fiat,grey
MPZ2A30,fiat,grey
MPZ2A30,fiat,grey
MPZ2A30,fiat,grey
MPZ2A30,fiat,grey
MPZ2A30,fiat,grey
MPZ2A30,fiat,grey
MPZ2A30,fiat,grey
MPZ2A30,fiat,grey
MPZ2A30,fiat,grey
MPZ2A30,fiat,grey
MPZ2A30,fiat,grey
,fiat,grey
,,grey
,,grey
,,
,,
,,
,,
,,
,,
,,
,,
,,
,,
,,
,,
,,
,,
,,
,,
,,
,,
,,
,,
,,
,,
,,
,,
,,
QRG2H19,,
QRG2H19,,black
QRG2H19,toyota,black
QRG2H19,toyota,black
QRG2H19,toyota,black
QRG2H19,toyota,black
QRG2H19,toyota,black
QRG2H19,toyota,black
QRG2H19,toyota,black
QRG2H19,toyota,black
QRG2H19,toyota,black
QRG2H19,toyota,black
QRG2H19,toyota,black
QRG2H19,toyota,black
,toyota,black
,toyota,black
,,black
,,black
,,
,,
,,
,,
,,
,,
,,
,,
,,
,,
,,
,,
,,
,,
,,
,,
,,
,,
,,
,,
,,
,,
,,
,,
,,
,,
,,
,,
,,
,,
,,
,,
,,
,,
QRF3J55,,black
QRF3J55,volkswagen,black
QRF3J55,volkswagen,black
QRF3J55,volkswagen,black
QRF3J55,volkswagen,black
QRF3J55,volkswagen,black
QRF3J55,volkswagen,black
QRF3J55,volkswagen,black
QRF3J55,volkswagen,black
QRF3J55,volkswagen,black
QRF3J55,volkswagen,black
QRF3J55,volkswagen,black
QRF3J55,volkswagen,black
QRF3J55,volkswagen,black
,volkswagen,black
,,
,,
,,
,,
,,
,,
,,
,,
,,
,,
,,
,,
,,
,,
,,
,,
,,
QRF8G17,,gray
QRF8G17,renault,gray
QRF8G17,renault,gray
QRF8G17,renault,gray
QRF8G17,renault,gray
QRF8G17,renault,gray
QRF8G17,renault,gray
QRF8G17,renault,gray
QRF8G17,renault,gray
QRF8G17,renault,gray
QRF8G17,renault,gray
QRF8G17,renault,gray
QRF8G17,renault,gray
QRF8G17,renault,gray
,renault,gray
,renault,gray
,,gray
,,gray
,,gray
,,
,,
,,
QRF3A88,,blue
QRF3A88,,blue
QRF3A88,chevrolet,blue
QRF3A88,chevrolet,blue
QRF3A88,chevrolet,blue
QRF3A88,chevrolet,blue
QRF3A88,chevrolet,blue
QRF3A88,chevrolet,blue
QRF3A88,chevrolet,blue
QRF3A88,chevrolet,blue
QRF3A88,chevrolet,blue
QRF3A88,chevrolet,blue
QRF3A88,chevrolet,blue
QRF3A88,chevrolet,blue
,chevrolet,blue
,chevrolet,blue
,,blue
,,blue
,,blue
,,
,,
,,
,,
,,
,,
,,
,,
,,
,,
,,
,,
,,
,,
,,
,,
,,
,,
QRE6A34,,black
QRE6A34,mitsubishi,black
QRE6A34,mitsubishi,black
QRE6A34,mitsubishi,black
QRE6A34,mitsubishi,black
QRE6A34,mitsubishi,black
QRE6A34,mitsubishi,black
QRE6A34,mitsubishi,black
QRE6A34,mitsubishi,black
QRE6A34,mitsubishi,black
QRE6A34,mitsubishi,black
QRE6A34,mitsubishi,black
A34,mitsubishi,black
,,black
,,black
,,
,,
,,
,,
,,
,,
,,
,,
,,
,,
,,
,,
,,
,,
,,
,,
,,
,,
,,
,,
,,
,,
,,white
QRG6B53,,white
QRG6B53,fiat,white
QRG6B53,fiat,white
QRG6B53,fiat,white
QRG6B53,fiat,white
QRG6B53,fiat,white
QRG6B53,fiat,white
QRG6B53,fiat,white
QRG6B53,fiat,white
QRG6B53,fiat,white
QRG6B53,fiat,white
QRG6B53,fiat,white
QRG6B53,fiat,white
QRG6B53,fiat,white
QRG6B53,fiat,white
,fiat,white
,,
,,
,,
,,
,,
,,
,,
,,
,,
,,
,,
,,
,,
,,
,,
,,
,,
,,
,,
PPP2H76,,
PPP2H76,fiat,
PPP2H76,fiat,green
PPP2H76,fiat,green
PPP2H76,fiat,green
PPP2H76,fiat,green
PPP2H76,fiat,green
PPP2H76,fiat,green
PPP2H76,fiat,green
PPP2H76,fiat,green
PPP2H76,fiat,green
PPP2H76,fiat,green
PPP2H76,fiat,green
PPP2H76,fiat,green
,fiat,green
,fiat,green
,,green
,,green
,,green
,,
,,
,,
,,
,,
,,
,,
,,
,,
,,
,,
,,
,,
,,
,,
,,
,,
,,
,,
,,
,,
,,
,,
,,
,,
,,
,,
,,
,,
,,
,,
,,
,,
,,
,,
,,
,,
,,
QRE6C30,,
QRE6C30,,
QRE6C30,renault,white
QRE6C30,renault,white
QRE6C30,renault,white
QRE6C30,renault,white
QRE6C30,renault,white
QRE6C30,renault,white
QRE6C30,renault,white
QRE6C30,renault,white
QRE6C30,renault,white
QRE6C30,renault,white
QRE6C30,renault,white
30,,white
,,white
,,white
,,
,,
,,
,,
,,
,,
,,
,,
,,
,,
,,
,,
,,
,,
,,
ATT1E29,volkswagen,black
ATT1E29,volkswagen,black
ATT1E29,volkswagen,black
ATT1E29,volkswagen,black
ATT1E29,volkswagen,black
ATT1E29,volkswagen,black
ATT1E29,volkswagen,black
ATT1E29,volkswagen,black
ATT1E29,volkswagen,black
ATT1E29,volkswagen,black
ATT1E29,volkswagen,black
ATT1E29,volkswagen,black
ATT1E29,volkswagen,black
ATT1E29,volkswagen,black
ATT1E29,volkswagen,black
ATT1E29,volkswagen,black
ATT1E29,volkswagen,black
,,
,,
,,
,,
,,
,,
,,
,,
,,
,,
,,
,,
,,
,,
,,
,,
,,
,,
,,
,,
,,
,,
,,
,,
,,
,,
QRF8A62,,
QRF8A62,,
QRF8A62,jeep,black
QRF8A62,jeep,black
QRF8A62,jeep,black
QRF8A62,jeep,black
QRF8A62,jeep,black
QRF8A62,jeep,black
QRF8A62,jeep,black
QRF8A62,jeep,black
QRF8A62,jeep,black
QRF8A62,jeep,black
QRF8A62,jeep,black
QRF8A62,jeep,black
,jeep,black
,jeep,black
,,black
,,black
,,black
,,
,,
,,
,,
,,
,,
,,
,,
,,
,,
,,
,,
,,
,,
,,
,,
,,
,,
,,
,,
,,
,,
,,
,,
,,
,,
,,
,,
,,
,,
,,
,,
,,
,,
,,
,grey
QRE4E90,,grey
QRE4E90,toyota,grey
QRE4E90,toyota,grey
QRE4E90,toyota,grey
QRE4E90,toyota,grey
QRE4E90,toyota,grey
QRE4E90,toyota,grey
QRE4E90,toyota,grey
QRE4E90,toyota,grey
QRE4E90,toyota,grey
QRE4E90,toyota,grey
QRE4E90,toyota,grey
QRE4E90,toyota,grey
QRE4E90,toyota,grey
,toyota,grey
,,grey
,,grey
,,grey
,,grey
,,
,,
,,
,,
,,
,,
,,
,,
,,
,,
,,
,,
,,
,,
,,
,,
,,
,,
,,
,,
,,
,,
,,
,,
,,
,,
,,
,,
,,
QRF8F09,,grey
QRF8F09,renault,grey
QRF8F09,renault,grey
QRF8F09,renault,grey
QRF8F09,renault,grey
QRF8F09,renault,grey
QRF8F09,renault,grey
QRF8F09,renault,grey
QRF8F09,renault,grey
QRF8F09,renault,grey
QRF8F09,renault,grey
QRF8F09,renault,grey
QRF8F09,renault,grey
QRF8F09,renault,grey
,renault,grey
,renault,grey
,,grey
,,grey
,,grey
,,
,,
PPL1H66,,
PPL1H66,,
PPL1H66,,yellow
PPL1H66,mercedes,yellow
PPL1H66,mercedes,yellow
PPL1H66,mercedes,yellow
PPL1H66,mercedes,yellow
PPL1H66,mercedes,yellow
PPL1H66,mercedes,yellow
PPL1H66,mercedes,yellow
PPL1H66,mercedes,yellow
PPL1H66,mercedes,yellow
PPL1H66,mercedes,yellow
PPL1H66,mercedes,yellow
,mercedes,yellow
,,yellow
,,yellow
,,
,,
,,
,,
,,
,,
,,
,,
,,
,,
,,
,,
,,
,,
,,
,,white
QRH7G54,,white
QRH7G54,chevrolet,white
QRH7G54,chevrolet,white
QRH7G54,chevrolet,white
QRH7G54,chevrolet,white
QRH7G54,chevrolet,white
QRH7G54,chevrolet,white
QRH7G54,chevrolet,white
QRH7G54,chevrolet,white
QRH7G54,chevrolet,white
QRH7G54,chevrolet,white
QRH7G54,chevrolet,white
QRH7G54,chevrolet,white
QRH7G54,chevrolet,white
QRH7G54,chevrolet,white
,chevrolet,white
,,white
,,white
,,
,,
,,
,,
,,
,,gray
QRE4E43,,gray
QRE4E43,toyota,gray
QRE4E43,toyota,gray
QRE4E43,toyota,gray
QRE4E43,toyota,gray
QRE4E43,toyota,gray
QRE4E43,toyota,gray
QRE4E43,toyota,gray
QRE4E43,toyota,gray
QRE4E43,toyota,gray
QRE4E43,toyota,gray
QRE4E43,toyota,gray
QRE4E43,toyota,gray
QRE4E43,toyota,gray
,toyota,gray
,,gray
,,gray
,,gray
,,gray
,,
,,
,,
,,
,,
,,
,,
,,
,,
,,
,,
,,
,,
,,
,,
,,
,,
,,
,,
,,
,,
,,
,,
,,
,,
,,
,,
,,
,,
,,
,,
,,
,,
,,
,,
,,
,,
QRE4F49,,gray
QRE4F49,toyota,gray
QRE4F49,toyota,gray
QRE4F49,toyota,gray
QRE4F49,toyota,gray
QRE4F49,toyota,gray
QRE4F49,toyota,gray
QRE4F49,toyota,gray
QRE4F49,toyota,gray
QRE4F49,toyota,gray
QRE4F49,toyota,gray
QRE4F49,toyota,gray
QRE4F49,toyota,gray
QRE4F49,toyota,gray
,toyota,gray
,,gray
,,gray
,,gray
,,gray
,,
,,
,,
,,
PPL1H66,,
PPL1H66,,
PPL1H66,,
PPL1H66,,
PPL1H66,,
PPL1H66,,
PPL1H66,,
PPL1H66,,
PPL1H66,,
PPL1H66,,
PPL1H66,,
PPL1H66,,
PPL1H66,,
PPL1H66,,
PPL1H66,,
PPL1H66,,
PPL1H66,,
L1H66,,
,,
,,
,,
,,
,,
,,
,,
,,
,,
,,
,,
,,
,,
,,white
QRE0F27,,white
QRE0F27,volkswagen,white
QRE0F27,volkswagen,white
QRE0F27,volkswagen,white
QRE0F27,volkswagen,white
QRE0F27,volkswagen,white
QRE0F27,volkswagen,white
QRE0F27,volkswagen,white
QRE0F27,volkswagen,white
QRE0F27,volkswagen,white
QRE0F27,volkswagen,white
QRE0F27,volkswagen,white
QRE0F27,volkswagen,white
QRE0F27,volkswagen,white
QRE0F27,volkswagen,white
,volkswagen,white
,volkswagen,white
,,white
,,white
,,
,,
,,
,,
,,
,,
,,
,,
,,
,,
,,
,,
,,
,,
,,
,,
,,
,,
,,
,,
,,
,,
,,
,,
,,
,,
,,
,,
,,
,,
,,
,,
,,
QRE8E54,,
QRE8E54,renault,black
QRE8E54,renault,black
QRE8E54,renault,black
QRE8E54,renault,black
QRE8E54,renault,black
QRE8E54,renault,black
QRE8E54,renault,black
QRE8E54,renault,black
QRE8E54,renault,black
QRE8E54,renault,black
QRE8E54,renault,black
QRE8E54,renault,black
QRE8E54,renault,black
,renault,black
,renault,black
,,black
,,black
,,black
,,
,,
,,
,,
,,
,,
,,
,,
,,
,,
,,
,,
,,
,,
,,
,,
,,
,,
,,
,,
,,
,,
,,
,,
,,
,,
,,
,,
,,
,,
,,
,,
,,
,,
,,
,,
,,
,,
,,
QRE4D82,,gray
QRE4D82,toyota,gray
QRE4D82,toyota,gray
QRE4D82,toyota,gray
QRE4D82,toyota,gray
QRE4D82,toyota,gray
QRE4D82,toyota,gray
QRE4D82,toyota,gray
QRE4D82,toyota,gray
QRE4D82,toyota,gray
QRE4D82,toyota,gray
QRE4D82,toyota,gray
QRE4D82,toyota,gray
QRE4D82,toyota,gray
,toyota,gray
,,gray
,,gray
,,gray
,,gray
,,
,,
,,
,,
,,
,,
,,
,,
,,
,,
,,
,,
,,
,,
,,
,,
,,white
QRE1I43,,white
QRE1I43,volkswagen,white
QRE1I43,volkswagen,white
QRE1I43,volkswagen,white
QRE1I43,volkswagen,white
QRE1I43,volkswagen,white
QRE1I43,volkswagen,white
QRE1I43,volkswagen,white
QRE1I43,volkswagen,white
QRE1I43,volkswagen,white
QRE1I43,volkswagen,white
QRE1I43,volkswagen,white
QRE1I43,volkswagen,white
QRE1I43,volkswagen,white
QRE1I43,volkswagen,white
,volkswagen,white
,volkswagen,white
,,white
,,white
,,
,,
,,
,,
,,
,,
,,
,,
,,
,,
,,
,,
,,
,,
,,
,,
,,
,,
,,
,,
,,
,,
EAN2G57,,white
EAN2G57,hyundai,white
EAN2G57,hyundai,white
EAN2G57,hyundai,white
EAN2G57,hyundai,white
EAN2G57,hyundai,white
EAN2G57,hyundai,white
EAN2G57,hyundai,white
EAN2G57,hyundai,white
EAN2G57,hyundai,white
EAN2G57,hyundai,white
EAN2G57,hyundai,white
EAN2G57,hyundai,white
EAN2G57,hyundai,white
,hyundai,white
,,white
,,white
,,white
,,
,,
,,
,,white
PPX0B5,,white
PPX0B56,,white
PPX0B56,ford,white
PPX0B56,ford,white
PPX0B56,ford,white
PPX0B56,ford,white
PPX0B56,ford,white
PPX0B56,ford,white
PPX0B56,ford,white
PPX0B56,ford,white
PPX0B56,ford,white
PPX0B56,ford,white
PPX0B56,ford,white
PPX0B56,ford,white
,ford,white
,ford,white
,,white
,,white
,,white
,,
,,
,,
,,
,,
,,
,,
,,
,,
,,
,,
,,
,,
,,
,,
,,
,,
,,
,,
,,
,,
,,
,,
,,
,,
,,
,,
,,
,,
,,
,,
,,
,,
,,
,,
,,
,,
,,
QRE8E49,,black
QRE8E49,renault,black
QRE8E49,renault,black
QRE8E49,renault,black
QRE8E49,renault,black
QRE8E49,renault,black
QRE8E49,renault,black
QRE8E49,renault,black
QRE8E49,renault,black
QRE8E49,renault,black
QRE8E49,renault,black
QRE8E49,renault,black
QRE8E49,renault,black
QRE8E49,renault,black
,renault,black
,renault,black
,,black
,,
,,
,,
,,
,,
,,
,,
,,
,,
,,
,,
,,
,,
,,
,,
,,
,,
,,
,,
,,
,,
,,
,,
,,
,,
,,
,,
,,
,,
,,
,,
,,
,,
,,
,,
,,
,,
,,
PPO2E25,,
PPO2E25,,white
PPO2E25,jeep,white
PPO2E25,jeep,white
PPO2E25,jeep,white
PPO2E25,jeep,white
PPO2E25,jeep,white
PPO2E25,jeep,white
PPO2E25,jeep,white
PPO2E25,jeep,white
PPO2E25,jeep,white
PPO2E25,jeep,white
PPO2E25,jeep,white
PPO2E25,jeep,white
,jeep,white
,jeep,white
,jeep,white
,,white
,,white
,,
,,
,,
QRH7C82,,black
QRH7C82,,black
QRH7C82,toyota,black
QRH7C82,toyota,black
QRH7C82,toyota,black
QRH7C82,toyota,black
QRH7C82,toyota,black
QRH7C82,toyota,black
QRH7C82,toyota,black
QRH7C82,toyota,black
QRH7C82,toyota,black
QRH7C82,toyota,black
QRH7C82,toyota,black
QRH7C82,toyota,black
QRH7C82,toyota,black
QRH7C82,toyota,black
,toyota,black
,,
,,
,,
,,
,,
,,
,,
,,
,,
,,
,,
,,
,,
,,
,,
,,
,,
,,
,,
,,
,,
QRF8G09,,gray
QRF8G09,renault,gray
QRF8G09,renault,gray
QRF8G09,renault,gray
QRF8G09,renault,gray
QRF8G09,renault,gray
QRF8G09,renault,gray
QRF8G09,renault,gray
QRF8G09,renault,gray
QRF8G09,renault,gray
QRF8G09,renault,gray
QRF8G09,renault,gray
QRF8G09,renault,gray
QRF8G09,renault,gray
,renault,gray
,renault,gray
,,gray
,,gray
,,gray
,,
,,
,,
,,
,,
,,
,,
,,
,,
,,
,,
,,
,,
,,
,,
,,
,,
,,
,,
,,
,,
,,
,,
,,
,,
,,
,,
,,
,,
,,
,,
,,
,,
